,labels
0,aaa
1,aaron
2,abdul
3,ability
4,able
5,about
6,above
7,abraham
8,abreast
9,absolute
10,absolutely
11,ac
12,acceleration
13,accent
14,accept
15,acceptable
16,accepted
17,accepting
18,access
19,accessible
20,accessories
21,accident
22,accidentally
23,accommodate
24,accommodated
25,accommodating
26,accommodations
27,accomodate
28,accomodating
29,accomplish
30,accomplished
31,accord
32,according
33,accordingly
34,account
35,accurate
36,accurately
37,achieve
38,acknowledge
39,acknowledged
40,acquire
41,acquired
42,acquiring
43,acquisition
44,across
45,act
46,acted
47,acting
48,action
49,actions
50,active
51,actual
52,actually
53,acura
54,ad
55,adam
56,adams
57,add
58,added
59,adding
60,addition
61,additional
62,additionally
63,additions
64,address
65,addressed
66,addressing
67,adds
68,adel
69,adequate
70,adjust
71,adjusted
72,adjustment
73,admit
74,admitted
75,adrian
76,adriane
77,ads
78,advance
79,advanced
80,advantage
81,advantages
82,advertise
83,advertised
84,advertisement
85,advertising
86,advice
87,advise
88,advised
89,adviser
90,advisers
91,advisor
92,advisors
93,advocate
94,afford
95,affordable
96,afraid
97,after
98,aftermarket
99,afternoon
100,afterward
101,afterwards
102,again
103,against
104,age
105,agencies
106,agency
107,agent
108,agents
109,aggressive
110,ago
111,agree
112,agreeable
113,agreed
114,agreeing
115,agreement
116,aguilar
117,ahead
118,ahmed
119,air
120,airbag
121,airbags
122,airport
123,aj
124,aka
125,al
126,alan
127,alarm
128,albert
129,alberto
130,alcantara
131,aldo
132,alejandro
133,alert
134,alex
135,alexander
136,alexanian
137,alexis
138,ali
139,aligned
140,alignment
141,all
142,allan
143,allen
144,allow
145,allowed
146,allowing
147,allows
148,almost
149,alone
150,along
151,alot
152,already
153,also
154,alston
155,alternative
156,alternatives
157,alternator
158,although
159,altima
160,altitude
161,alvarez
162,alvin
163,alway
164,always
165,am
166,amable
167,amanda
168,amazed
169,amazing
170,amazingly
171,ambrose
172,amenities
173,america
174,american
175,amin
176,amir
177,among
178,amongst
179,amount
180,amounts
181,ample
182,an
183,ana
184,anaheim
185,anderson
186,andres
187,andrew
188,andy
189,angel
190,angela
191,angeles
192,angie
193,angry
194,anita
195,anna
196,annoyed
197,annoying
198,annunziata
199,another
200,answer
201,answered
202,answering
203,answers
204,anthony
205,anticipated
206,antonio
207,anxiety
208,anxious
209,any
210,anybody
211,anymore
212,anyone
213,anything
214,anytime
215,anyway
216,anyways
217,anywhere
218,apart
219,apologetic
220,apologies
221,apologize
222,apologized
223,apology
224,app
225,apparent
226,apparently
227,appear
228,appearance
229,appeared
230,appears
231,apple
232,applicable
233,application
234,applied
235,apply
236,applying
237,appointed
238,appointment
239,appointments
240,appraisal
241,appraised
242,appreciate
243,appreciated
244,appreciation
245,appreciative
246,apprehensive
247,apprised
248,approach
249,approachable
250,approached
251,appropriate
252,appropriately
253,approval
254,approve
255,approved
256,approx
257,approximate
258,approximately
259,apps
260,appt
261,apr
262,april
263,apt
264,are
265,area
266,areas
267,arent
268,argue
269,argued
270,arguing
271,ariel
272,arif
273,aris
274,arise
275,arizona
276,arm
277,armando
278,armen
279,arms
280,around
281,arrange
282,arranged
283,arrangement
284,arrangements
285,arranging
286,arrival
287,arrive
288,arrived
289,arrives
290,arriving
291,arrogant
292,arshak
293,art
294,arthur
295,as
296,asad
297,asap
298,ashamed
299,aside
300,ask
301,asked
302,asking
303,asks
304,aspect
305,aspects
306,assembly
307,assessment
308,asset
309,assigned
310,assist
311,assistance
312,assistant
313,assisted
314,assisting
315,associate
316,associated
317,associates
318,asst
319,assume
320,assumed
321,assuming
322,assure
323,assured
324,at
325,ate
326,atmosphere
327,attached
328,attempt
329,attempted
330,attempting
331,attempts
332,attend
333,attendant
334,attended
335,attending
336,attention
337,attentive
338,attentiveness
339,attitude
340,attitudes
341,attorney
342,attractive
343,audi
344,audio
345,audis
346,august
347,austin
348,authentic
349,authorization
350,authorized
351,auto
352,automatic
353,automatically
354,automobile
355,automobiles
356,automotive
357,autos
358,autotrader
359,avail
360,availability
361,available
362,avalon
363,average
364,avoid
365,avoided
366,avoiding
367,awaiting
368,aware
369,away
370,awd
371,awesome
372,awful
373,awhile
374,awkward
375,awsome
376,axle
377,aymy
378,azera
379,azizi
380,baby
381,back
382,backed
383,background
384,backwards
385,bad
386,badly
387,bag
388,bait
389,baker
390,bakersfield
391,balance
392,ball
393,bang
394,bank
395,banks
396,bar
397,barajas
398,barbara
399,barely
400,bargain
401,barrera
402,barry
403,bartoli
404,base
405,based
406,basic
407,basically
408,basics
409,basis
410,bassam
411,bat
412,batteries
413,battery
414,bauer
415,bautista
416,bay
417,baylon
418,bbb
419,bc
420,be
421,beach
422,beat
423,beating
424,beats
425,beautiful
426,beautifully
427,beauty
428,became
429,because
430,become
431,bed
432,been
433,before
434,beforehand
435,began
436,begin
437,beginning
438,behalf
439,behavior
440,behind
441,behold
442,being
443,believe
444,believed
445,believes
446,bellis
447,bells
448,below
449,belt
450,beltran
451,ben
452,beneficial
453,benefit
454,benefits
455,benjamin
456,benny
457,bent
458,benz
459,bernard
460,berry
461,beshoy
462,besides
463,best
464,bet
465,better
466,between
467,beverage
468,beverages
469,beverly
470,beware
471,beyer
472,beyond
473,bianca
474,bien
475,big
476,bigger
477,biggest
478,bijan
479,bilger
480,bill
481,billing
482,bills
483,billy
484,birthday
485,bit
486,black
487,blair
488,blake
489,blame
490,blast
491,blatantly
492,bless
493,blessed
494,blessing
495,blew
496,blind
497,block
498,blow
499,blown
500,blue
501,bluetooth
502,blvd
503,bmw
504,bmws
505,board
506,bob
507,bobby
508,body
509,bogigian
510,bolt
511,bonus
512,book
513,booked
514,booking
515,boot
516,boreham
517,borja
518,borst
519,boss
520,both
521,bother
522,bothered
523,bottle
524,bottom
525,bought
526,bow
527,box
528,boy
529,boyfriend
530,boys
531,brain
532,brainer
533,brake
534,brakes
535,branch
536,brand
537,brandon
538,brands
539,braun
540,bravo
541,break
542,breakdown
543,breakfast
544,breaking
545,breaks
546,breath
547,breeze
548,brent
549,brett
550,brian
551,brief
552,briefly
553,bright
554,brilliant
555,bring
556,bringing
557,brings
558,brittany
559,brittney
560,brock
561,brody
562,broke
563,broken
564,broker
565,bronson
566,brother
567,brought
568,brown
569,browse
570,browsing
571,bruce
572,bryan
573,bryant
574,bs
575,btw
576,buck
577,bucks
578,buddy
579,budge
580,budget
581,buena
582,buff
583,build
584,building
585,built
586,bulb
587,bull
588,bummed
589,bummer
590,bumper
591,bunch
592,bureau
593,burning
594,busby
595,bush
596,business
597,businesses
598,busy
599,but
600,butler
601,butt
602,button
603,buttons
604,buy
605,buyer
606,buyers
607,buying
608,buys
609,by
610,bye
611,byrd
612,byron
613,ca
614,cab
615,cabin
616,cable
617,caccese
618,cadillac
619,cafe
620,cajon
621,cake
622,cal
623,calculator
624,calderon
625,caliber
626,california
627,call
628,called
629,calling
630,calls
631,calm
632,calvin
633,cam
634,camaro
635,came
636,camera
637,cameron
638,camper
639,camry
640,camrys
641,can
642,canavan
643,cancel
644,canceled
645,cancelled
646,candid
647,candy
648,cannot
649,cant
650,cap
651,capabilities
652,capable
653,capital
654,capitol
655,car
656,caravan
657,card
658,cardenas
659,cardinale
660,cardinaleway
661,cards
662,care
663,cared
664,career
665,careful
666,carefully
667,cares
668,carfax
669,cargo
670,caring
671,carlos
672,carlsbad
673,carmax
674,carpenter
675,carpet
676,carried
677,carro
678,carry
679,cars
680,carson
681,carter
682,carvajal
683,carwash
684,case
685,cases
686,casey
687,cash
688,cashier
689,cashiers
690,castillo
691,casual
692,catalytic
693,catch
694,catered
695,caught
696,cause
697,caused
698,causing
699,cd
700,cdjr
701,ceasar
702,celine
703,cell
704,cent
705,center
706,centers
707,central
708,cerritos
709,certain
710,certainly
711,certificate
712,certified
713,cesar
714,chad
715,chain
716,chair
717,chairs
718,challenge
719,challenged
720,challenger
721,challenges
722,challenging
723,chan
724,chance
725,change
726,changed
727,changes
728,changing
729,character
730,charge
731,charged
732,charger
733,chargers
734,charges
735,charging
736,charles
737,charlie
738,charming
739,chase
740,chat
741,chatted
742,chatting
743,chavez
744,cheap
745,cheaper
746,cheapest
747,cheat
748,cheated
749,check
750,checked
751,checking
752,checkout
753,checks
754,checkup
755,cheerful
756,cheers
757,cherokee
758,cherokees
759,chevrolet
760,chevy
761,child
762,children
763,chill
764,chip
765,chips
766,chocolate
767,choice
768,choices
769,choose
770,choosing
771,chose
772,chosen
773,chris
774,christian
775,christina
776,christine
777,christmas
778,christopher
779,chrysler
780,chrystler
781,chuck
782,cindy
783,circumstances
784,citizen
785,city
786,civic
787,cj
788,cjdr
789,claim
790,claimed
791,claims
792,clarity
793,clark
794,class
795,classic
796,classy
797,claude
798,claudia
799,claudio
800,clayton
801,clean
802,cleaned
803,cleaner
804,cleaning
805,cleanliness
806,clear
807,cleared
808,clearly
809,clemente
810,cleo
811,click
812,clicking
813,client
814,clients
815,cliff
816,clint
817,clock
818,close
819,closed
820,closely
821,closer
822,closest
823,closing
824,club
825,clue
826,clueless
827,clutch
828,co
829,coach
830,coast
831,coat
832,coating
833,cobos
834,code
835,cody
836,coffee
837,cold
838,cole
839,colette
840,colleague
841,colleagues
842,collection
843,colleen
844,college
845,collin
846,collision
847,color
848,colorado
849,colors
850,com
851,combination
852,combined
853,come
854,comes
855,comfort
856,comfortable
857,comforting
858,comfy
859,coming
860,commend
861,commended
862,comment
863,comments
864,commercial
865,commission
866,commit
867,commitment
868,committed
869,committing
870,common
871,communicate
872,communicated
873,communicates
874,communicating
875,communication
876,communications
877,communicative
878,communicator
879,community
880,commute
881,commuter
882,companies
883,company
884,comparable
885,compare
886,compared
887,comparing
888,comparison
889,compass
890,compassion
891,compassionate
892,compelled
893,competence
894,competent
895,competing
896,competition
897,competitive
898,competitor
899,competitors
900,complain
901,complained
902,complaining
903,complains
904,complaint
905,complaints
906,complementary
907,complete
908,completed
909,completely
910,completing
911,completion
912,complex
913,complicated
914,compliment
915,complimentary
916,components
917,comprehensive
918,compromise
919,computer
920,computers
921,con
922,concept
923,concern
924,concerned
925,concerning
926,concerns
927,concierge
928,concise
929,concluded
930,conclusion
931,condescending
932,condition
933,conditioner
934,conditioning
935,conditions
936,conduct
937,conducted
938,confidence
939,confident
940,confirm
941,confirmation
942,confirmed
943,confirming
944,confronted
945,confused
946,confusing
947,confusion
948,congenial
949,congratulations
950,connect
951,connected
952,connecting
953,connection
954,connie
955,conor
956,cons
957,conscientious
958,consider
959,considerable
960,considerate
961,consideration
962,considered
963,considering
964,consistency
965,consistent
966,consistently
967,console
968,constant
969,constantly
970,constraints
971,construction
972,consultant
973,consultants
974,consumer
975,consumers
976,consuming
977,consummate
978,contact
979,contacted
980,contacting
981,contacts
982,content
983,continually
984,continue
985,continued
986,continues
987,continuing
988,continuously
989,contract
990,contracts
991,contrast
992,control
993,controls
994,convenience
995,convenient
996,conveniently
997,conversation
998,conversations
999,converter
1000,convertible
1001,convince
1002,convinced
1003,convincing
1004,cookies
1005,cool
1006,coolant
1007,coolest
1008,cooper
1009,cooperative
1010,coordinated
1011,coordinator
1012,copy
1013,cordial
1014,corey
1015,corner
1016,corolla
1017,corona
1018,corporate
1019,corporation
1020,correct
1021,corrected
1022,correctly
1023,correspondence
1024,corry
1025,corvette
1026,cory
1027,cosigner
1028,cost
1029,costa
1030,costco
1031,costly
1032,costs
1033,costumer
1034,costumers
1035,could
1036,couldn
1037,couldnt
1038,couldve
1039,count
1040,counter
1041,countless
1042,country
1043,county
1044,coupe
1045,couple
1046,coupon
1047,coupons
1048,course
1049,courteous
1050,courteously
1051,courtesy
1052,courtney
1053,cousin
1054,cover
1055,coverage
1056,covered
1057,covering
1058,covers
1059,covid
1060,coworkers
1061,cpo
1062,cr
1063,crack
1064,cracked
1065,craig
1066,crap
1067,crappy
1068,crazy
1069,create
1070,created
1071,creating
1072,credit
1073,creek
1074,crew
1075,cris
1076,criteria
1077,critical
1078,crooks
1079,cross
1080,crossed
1081,crosstrek
1082,crowded
1083,crown
1084,crowns
1085,cruise
1086,cruiser
1087,crunch
1088,cruz
1089,cruze
1090,crv
1091,crystal
1092,ct
1093,cuevas
1094,culture
1095,cup
1096,curious
1097,current
1098,currently
1099,curry
1100,curt
1101,curteous
1102,curtious
1103,curtis
1104,custom
1105,customer
1106,customers
1107,cut
1108,cute
1109,cuz
1110,cx
1111,cylinder
1112,dad
1113,daily
1114,dale
1115,dallas
1116,daly
1117,damage
1118,damaged
1119,damages
1120,damien
1121,dan
1122,dana
1123,dance
1124,danecia
1125,dangerous
1126,daniel
1127,danielle
1128,danny
1129,dark
1130,daron
1131,darren
1132,darryl
1133,dart
1134,darty
1135,daryl
1136,dasan
1137,dash
1138,dashboard
1139,date
1140,dated
1141,daughter
1142,daughters
1143,daunting
1144,dave
1145,david
1146,davis
1147,day
1148,days
1149,dch
1150,de
1151,dead
1152,deal
1153,dealer
1154,dealers
1155,dealership
1156,dealerships
1157,dealing
1158,dealings
1159,deals
1160,dealship
1161,dealt
1162,dean
1163,dear
1164,death
1165,debbie
1166,dec
1167,decade
1168,decades
1169,december
1170,decent
1171,deception
1172,deceptive
1173,decide
1174,decided
1175,deciding
1176,decision
1177,decisions
1178,decline
1179,declined
1180,dedicated
1181,dedication
1182,deductible
1183,deep
1184,def
1185,defect
1186,defective
1187,defects
1188,defensive
1189,defiantly
1190,definately
1191,definetely
1192,definetly
1193,definite
1194,definitely
1195,definition
1196,definitly
1197,degree
1198,del
1199,delay
1200,delayed
1201,delays
1202,delearship
1203,delgado
1204,delicious
1205,delight
1206,delighted
1207,delightful
1208,deliver
1209,delivered
1210,delivering
1211,delivers
1212,delivery
1213,delt
1214,demand
1215,demanding
1216,demands
1217,demeanor
1218,demo
1219,demonstrate
1220,demonstrated
1221,demonstrating
1222,demonstration
1223,denied
1224,dennis
1225,denny
1226,dent
1227,dentist
1228,dents
1229,department
1230,departments
1231,departure
1232,depend
1233,dependable
1234,depending
1235,deposit
1236,dept
1237,depth
1238,derek
1239,derrick
1240,describe
1241,described
1242,describing
1243,description
1244,deserve
1245,deserved
1246,deserves
1247,design
1248,desire
1249,desired
1250,desires
1251,desk
1252,desks
1253,desmond
1254,desperate
1255,despite
1256,destination
1257,destroyed
1258,detail
1259,detailed
1260,detailing
1261,details
1262,determine
1263,determined
1264,determining
1265,developed
1266,device
1267,diagnose
1268,diagnosed
1269,diagnosis
1270,diagnostic
1271,diagnostics
1272,diana
1273,diane
1274,did
1275,didn
1276,didnt
1277,die
1278,died
1279,diego
1280,diesel
1281,difference
1282,differences
1283,different
1284,difficult
1285,difficulty
1286,dignity
1287,dilanchiyan
1288,diligence
1289,diligent
1290,diligently
1291,ding
1292,dinner
1293,dion
1294,diorio
1295,direct
1296,directed
1297,direction
1298,directions
1299,directly
1300,director
1301,dirt
1302,dirty
1303,disabled
1304,disappeared
1305,disappoint
1306,disappointed
1307,disappointing
1308,disappointment
1309,disclose
1310,disclosed
1311,disconnected
1312,discount
1313,discounted
1314,discounts
1315,discouraged
1316,discover
1317,discovered
1318,discuss
1319,discussed
1320,discussing
1321,discussion
1322,discussions
1323,disgusted
1324,disgusting
1325,dishonest
1326,dismissive
1327,display
1328,displayed
1329,disposition
1330,disrespected
1331,disrespectful
1332,dissatisfaction
1333,dissatisfied
1334,distance
1335,division
1336,dixon
1337,dmv
1338,do
1339,doc
1340,docs
1341,document
1342,documentation
1343,documents
1344,dodge
1345,dodges
1346,does
1347,doesn
1348,doesnt
1349,dog
1350,dogs
1351,doherty
1352,doing
1353,dollar
1354,dollars
1355,domingo
1356,dominguez
1357,dominic
1358,don
1359,done
1360,donnie
1361,donovan
1362,dont
1363,donuts
1364,door
1365,doors
1366,dorothy
1367,dorsey
1368,dotted
1369,double
1370,doubt
1371,doubts
1372,doug
1373,douglas
1374,dowl
1375,down
1376,downpayment
1377,downside
1378,downtown
1379,dozen
1380,dozens
1381,dr
1382,drag
1383,drain
1384,drama
1385,drawn
1386,dread
1387,dreaded
1388,dreading
1389,dream
1390,dreams
1391,dressed
1392,drew
1393,drink
1394,drinks
1395,drive
1396,driven
1397,driver
1398,drivers
1399,drives
1400,driveway
1401,driving
1402,drop
1403,dropped
1404,dropping
1405,drove
1406,dry
1407,dtla
1408,duarte
1409,duckett
1410,dude
1411,due
1412,duff
1413,dumb
1414,dunn
1415,duplicate
1416,durango
1417,duration
1418,during
1419,dust
1420,dustin
1421,duties
1422,duty
1423,each
1424,eager
1425,earlier
1426,early
1427,earn
1428,earned
1429,ears
1430,earth
1431,ease
1432,easier
1433,easiest
1434,easily
1435,east
1436,easy
1437,easygoing
1438,eat
1439,eating
1440,eco
1441,economical
1442,economy
1443,ecstatic
1444,ed
1445,eddie
1446,eddy
1447,edgar
1448,edge
1449,edita
1450,edition
1451,edmunds
1452,eduardo
1453,educate
1454,educated
1455,educating
1456,education
1457,edward
1458,edwards
1459,effect
1460,effective
1461,effectively
1462,efficiency
1463,efficient
1464,efficiently
1465,effort
1466,effortless
1467,effortlessly
1468,efforts
1469,egan
1470,eight
1471,either
1472,el
1473,elantra
1474,elderly
1475,electric
1476,electrical
1477,electronic
1478,electronics
1479,eliseo
1480,elizabeth
1481,ellen
1482,elliot
1483,ellis
1484,else
1485,elsewhere
1486,elway
1487,elways
1488,elwira
1489,email
1490,emailed
1491,emailing
1492,emails
1493,embarrassed
1494,emergency
1495,emissions
1496,empathetic
1497,empathy
1498,employed
1499,employee
1500,employees
1501,empty
1502,en
1503,enabled
1504,encore
1505,encounter
1506,encountered
1507,encourage
1508,encouraged
1509,encouraging
1510,end
1511,ended
1512,ending
1513,ends
1514,energetic
1515,energy
1516,engage
1517,engaged
1518,engaging
1519,engine
1520,engines
1521,english
1522,enjoy
1523,enjoyable
1524,enjoyed
1525,enjoying
1526,enjoys
1527,enough
1528,enrique
1529,ensure
1530,ensured
1531,ensures
1532,ensuring
1533,enter
1534,entered
1535,entering
1536,enterprise
1537,entertained
1538,entertainment
1539,enthusiasm
1540,enthusiastic
1541,enthusiastically
1542,entire
1543,entirely
1544,entrance
1545,entry
1546,environment
1547,epitome
1548,epting
1549,equally
1550,equinox
1551,equipment
1552,equipped
1553,equity
1554,eric
1555,erick
1556,erik
1557,ernie
1558,errands
1559,error
1560,es
1561,escape
1562,escondido
1563,escorted
1564,especially
1565,essentially
1566,established
1567,establishment
1568,estimate
1569,estimated
1570,estimates
1571,estrella
1572,etc
1573,ethic
1574,ethical
1575,ethics
1576,eugene
1577,evaluate
1578,evaluation
1579,evan
1580,evans
1581,eve
1582,even
1583,evening
1584,event
1585,events
1586,eventually
1587,ever
1588,every
1589,everybody
1590,everyday
1591,everyone
1592,everyones
1593,everything
1594,everytime
1595,everywhere
1596,evident
1597,ex
1598,exact
1599,exactly
1600,example
1601,exceed
1602,exceeded
1603,exceeds
1604,excelent
1605,excelente
1606,excellant
1607,excellence
1608,excellent
1609,except
1610,exception
1611,exceptional
1612,exceptionally
1613,excessive
1614,exchange
1615,exchanged
1616,excited
1617,excitement
1618,exciting
1619,exclusively
1620,excuse
1621,excuses
1622,executed
1623,executive
1624,exemplary
1625,exemplifies
1626,exhaust
1627,exhausted
1628,exhausting
1629,exhibited
1630,exist
1631,existed
1632,existing
1633,exp
1634,expect
1635,expectation
1636,expectations
1637,expected
1638,expecting
1639,expedient
1640,expedite
1641,expedited
1642,expeditious
1643,expeditiously
1644,expense
1645,expensive
1646,experiance
1647,experience
1648,experienced
1649,experiences
1650,experiencing
1651,experince
1652,expert
1653,expertise
1654,expertly
1655,experts
1656,expierence
1657,expired
1658,explain
1659,explained
1660,explaining
1661,explains
1662,explanation
1663,explanations
1664,explore
1665,explorer
1666,express
1667,expressed
1668,extend
1669,extended
1670,extensive
1671,exterior
1672,extra
1673,extraordinary
1674,extras
1675,extreme
1676,extremely
1677,extremly
1678,eye
1679,eyes
1680,ez
1681,fabulous
1682,face
1683,faced
1684,faces
1685,facilitated
1686,facilities
1687,facility
1688,fact
1689,factor
1690,factors
1691,factory
1692,facts
1693,fail
1694,failed
1695,failing
1696,fails
1697,failure
1698,fair
1699,fairfield
1700,fairly
1701,faisal
1702,faith
1703,fake
1704,fall
1705,FALSE
1706,familiar
1707,familiarize
1708,families
1709,family
1710,familys
1711,fan
1712,fancy
1713,fantastic
1714,far
1715,faris
1716,farther
1717,fashion
1718,fast
1719,faster
1720,fastest
1721,father
1722,fault
1723,faulty
1724,favor
1725,favorable
1726,favorite
1727,fax
1728,fe
1729,fear
1730,fears
1731,feature
1732,features
1733,feb
1734,february
1735,fed
1736,federal
1737,fee
1738,feedback
1739,feel
1740,feeling
1741,feelings
1742,feels
1743,fees
1744,feet
1745,felix
1746,fell
1747,fellas
1748,fellow
1749,felt
1750,female
1751,fender
1752,feola
1753,fernando
1754,few
1755,fi
1756,fianc
1757,fiance
1758,fiat
1759,field
1760,fiesta
1761,fifteen
1762,fifth
1763,fight
1764,fighting
1765,figure
1766,figured
1767,figures
1768,figuring
1769,file
1770,filed
1771,filing
1772,fill
1773,filled
1774,filling
1775,filter
1776,filters
1777,filthy
1778,final
1779,finalize
1780,finalized
1781,finalizing
1782,finally
1783,finance
1784,financed
1785,finances
1786,financial
1787,financially
1788,financing
1789,find
1790,finding
1791,findings
1792,finds
1793,fine
1794,finest
1795,finish
1796,finished
1797,finishing
1798,fire
1799,fired
1800,firm
1801,first
1802,fisher
1803,fit
1804,fitch
1805,fits
1806,fitting
1807,fitz
1808,five
1809,fix
1810,fixed
1811,fixing
1812,fj
1813,flash
1814,flat
1815,flawless
1816,flawlessly
1817,fleet
1818,flew
1819,flex
1820,flexibility
1821,flexible
1822,flight
1823,floor
1824,fluid
1825,fluids
1826,flush
1827,fly
1828,flying
1829,fob
1830,focus
1831,focused
1832,folks
1833,follow
1834,followed
1835,following
1836,follows
1837,followup
1838,folsom
1839,fontaine
1840,food
1841,foot
1842,for
1843,force
1844,forced
1845,forcing
1846,ford
1847,fords
1848,forester
1849,forever
1850,forget
1851,forgot
1852,forgotten
1853,form
1854,former
1855,forms
1856,forth
1857,forthright
1858,fortunate
1859,fortunately
1860,forward
1861,fought
1862,found
1863,four
1864,fourth
1865,frame
1866,francis
1867,francisco
1868,franco
1869,frank
1870,franklin
1871,frankly
1872,franks
1873,frasier
1874,fraud
1875,fred
1876,freddie
1877,freddy
1878,free
1879,freeway
1880,freindly
1881,frequent
1882,frequently
1883,fresh
1884,freshly
1885,fresno
1886,friday
1887,friend
1888,friendliest
1889,friendliness
1890,friendly
1891,friends
1892,friendship
1893,from
1894,front
1895,fruit
1896,frustrated
1897,frustrating
1898,frustration
1899,fue
1900,fuel
1901,fulfill
1902,fulfilled
1903,fulfilling
1904,full
1905,fully
1906,fun
1907,function
1908,functionality
1909,functions
1910,funds
1911,funny
1912,furious
1913,further
1914,furthermore
1915,fuse
1916,fusion
1917,fuss
1918,future
1919,fyi
1920,gabe
1921,gabriel
1922,gadgets
1923,gain
1924,gained
1925,gaines
1926,gal
1927,galindo
1928,game
1929,games
1930,gamez
1931,gap
1932,garage
1933,garbage
1934,garcia
1935,garret
1936,garrett
1937,gary
1938,gas
1939,gasket
1940,gaspare
1941,gassed
1942,gate
1943,gave
1944,gear
1945,gem
1946,gene
1947,general
1948,generally
1949,generous
1950,genesis
1951,genius
1952,gennaro
1953,gentle
1954,gentleman
1955,gentlemen
1956,genuine
1957,genuinely
1958,george
1959,german
1960,gesture
1961,get
1962,gets
1963,getting
1964,giagnacovo
1965,giant
1966,gift
1967,gilroy
1968,gimmicks
1969,gina
1970,girl
1971,girlfriend
1972,girls
1973,give
1974,given
1975,gives
1976,giving
1977,glad
1978,gladly
1979,glass
1980,glc
1981,glen
1982,glendale
1983,glendora
1984,glenn
1985,glitch
1986,glove
1987,gm
1988,gmc
1989,go
1990,goal
1991,goals
1992,god
1993,godick
1994,goes
1995,going
1996,gold
1997,gomez
1998,gone
1999,gonna
2000,gonzales
2001,gonzalez
2002,good
2003,goodies
2004,goodness
2005,goods
2006,google
2007,gordon
2008,gorgeous
2009,got
2010,gotta
2011,gotten
2012,gps
2013,grab
2014,grabbed
2015,grace
2016,gracias
2017,gracious
2018,graciously
2019,grade
2020,graffeo
2021,grand
2022,grandson
2023,granted
2024,grateful
2025,gratitude
2026,gray
2027,grease
2028,great
2029,greated
2030,greater
2031,greatest
2032,greatful
2033,greatly
2034,green
2035,greene
2036,greet
2037,greeted
2038,greeter
2039,greeting
2040,greets
2041,greg
2042,grey
2043,ground
2044,group
2045,grove
2046,growing
2047,grueling
2048,gs
2049,gt
2050,guarantee
2051,guaranteed
2052,guard
2053,guess
2054,guessing
2055,guest
2056,guidance
2057,guide
2058,guided
2059,guiding
2060,gus
2061,gustavo
2062,gutierrez
2063,guy
2064,guys
2065,gx
2066,ha
2067,habib
2068,had
2069,haddad
2070,hadn
2071,hadnt
2072,haggle
2073,haggling
2074,haha
2075,hair
2076,half
2077,hamid
2078,hamilton
2079,hand
2080,handed
2081,handful
2082,handing
2083,handle
2084,handled
2085,handles
2086,handling
2087,hands
2088,handshake
2089,hang
2090,hanging
2091,hank
2092,hans
2093,hansen
2094,happen
2095,happened
2096,happening
2097,happens
2098,happier
2099,happily
2100,happiness
2101,happy
2102,harassed
2103,harbor
2104,hard
2105,hardest
2106,hardin
2107,hardly
2108,hardworking
2109,harley
2110,harris
2111,harry
2112,hart
2113,has
2114,hasan
2115,hasnt
2116,hassan
2117,hassel
2118,hassle
2119,hassled
2120,hassles
2121,hat
2122,hatch
2123,hatchback
2124,hate
2125,hated
2126,hats
2127,have
2128,haven
2129,havent
2130,having
2131,hayes
2132,hb
2133,he
2134,head
2135,headache
2136,headed
2137,heading
2138,headlight
2139,headlights
2140,heads
2141,health
2142,hear
2143,heard
2144,hearing
2145,heart
2146,heartbeat
2147,heat
2148,heated
2149,heater
2150,heather
2151,heavy
2152,heck
2153,hectic
2154,hector
2155,hed
2156,held
2157,hell
2158,hellcat
2159,hello
2160,helman
2161,help
2162,helped
2163,helper
2164,helpful
2165,helpfull
2166,helpfulness
2167,helping
2168,helps
2169,hemi
2170,hence
2171,henley
2172,henry
2173,her
2174,here
2175,heres
2176,herman
2177,hernandez
2178,herrera
2179,hers
2180,herself
2181,hershel
2182,hes
2183,hesitant
2184,hesitate
2185,hesitation
2186,heslop
2187,hey
2188,hi
2189,hiccup
2190,hiccups
2191,hidden
2192,hide
2193,high
2194,higher
2195,highest
2196,highlander
2197,highly
2198,highway
2199,hill
2200,hills
2201,him
2202,himself
2203,hire
2204,hired
2205,hiring
2206,his
2207,history
2208,hit
2209,hitch
2210,holbrook
2211,hold
2212,holder
2213,holding
2214,hole
2215,holiday
2216,holidays
2217,hollywood
2218,home
2219,homework
2220,honda
2221,hondas
2222,honest
2223,honestly
2224,honesty
2225,honor
2226,honored
2227,honoring
2228,hood
2229,hook
2230,hooked
2231,hoops
2232,hope
2233,hoped
2234,hopefully
2235,hopes
2236,hoping
2237,horn
2238,horrendous
2239,horrible
2240,horrific
2241,horror
2242,horvat
2243,hose
2244,hospitable
2245,hospitality
2246,hot
2247,hour
2248,hours
2249,house
2250,how
2251,howard
2252,however
2253,hr
2254,hrs
2255,hrv
2256,huang
2257,huge
2258,hugh
2259,hull
2260,human
2261,humble
2262,humor
2263,humorous
2264,hundred
2265,hundreds
2266,hung
2267,hungry
2268,hunt
2269,hunting
2270,huntington
2271,hurried
2272,hurry
2273,hurt
2274,husband
2275,husbands
2276,hustle
2277,hustled
2278,huynh
2279,hybrid
2280,hybrids
2281,hyndai
2282,hyundai
2283,hyundais
2284,hyundia
2285,ian
2286,icing
2287,id
2288,idea
2289,ideal
2290,ideas
2291,identical
2292,identified
2293,identify
2294,idiot
2295,ie
2296,if
2297,ignition
2298,ignore
2299,ignored
2300,ii
2301,ill
2302,illegal
2303,im
2304,imagine
2305,imagined
2306,immaculate
2307,immediate
2308,immediately
2309,impact
2310,impatient
2311,impeccable
2312,importance
2313,important
2314,importantly
2315,impossible
2316,impressed
2317,impression
2318,impressive
2319,impreza
2320,improve
2321,improved
2322,improvement
2323,in
2324,incentive
2325,incentives
2326,incident
2327,include
2328,included
2329,includes
2330,including
2331,income
2332,incompetent
2333,inconvenience
2334,inconvenienced
2335,incorrect
2336,increase
2337,increased
2338,incredible
2339,incredibly
2340,indecisive
2341,indeed
2342,independent
2343,indicated
2344,indicating
2345,indicator
2346,individual
2347,individuals
2348,industry
2349,inexpensive
2350,infiniti
2351,inflated
2352,info
2353,inform
2354,information
2355,informative
2356,informed
2357,informing
2358,informs
2359,initial
2360,initially
2361,initiative
2362,injury
2363,input
2364,inquire
2365,inquired
2366,inquiries
2367,inquiring
2368,inquiry
2369,ins
2370,insane
2371,inside
2372,insight
2373,insightful
2374,insist
2375,insisted
2376,inspect
2377,inspected
2378,inspection
2379,inspections
2380,install
2381,installation
2382,installed
2383,installing
2384,instance
2385,instant
2386,instantly
2387,instead
2388,instructed
2389,instruction
2390,instructions
2391,instrumental
2392,insult
2393,insulted
2394,insulting
2395,insurance
2396,insure
2397,insured
2398,intake
2399,integrity
2400,intelligent
2401,intend
2402,intended
2403,intent
2404,intention
2405,intentions
2406,interact
2407,interacted
2408,interaction
2409,interactions
2410,interest
2411,interested
2412,interesting
2413,interests
2414,interface
2415,interior
2416,internal
2417,internet
2418,intimidated
2419,intimidating
2420,into
2421,introduce
2422,introduced
2423,introducing
2424,introduction
2425,inventory
2426,investigate
2427,investment
2428,invited
2429,inviting
2430,invoice
2431,involved
2432,involving
2433,ioniq
2434,iphone
2435,ira
2436,iron
2437,irritated
2438,irritating
2439,irvine
2440,is
2441,isaac
2442,island
2443,isn
2444,isnt
2445,israel
2446,issue
2447,issues
2448,it
2449,item
2450,itemized
2451,items
2452,its
2453,itself
2454,iv
2455,ivan
2456,ive
2457,jack
2458,jackie
2459,jackson
2460,jacky
2461,jacob
2462,jae
2463,jaime
2464,jake
2465,james
2466,jamie
2467,jan
2468,jane
2469,january
2470,jarrod
2471,jason
2472,javier
2473,jay
2474,jd
2475,jeep
2476,jeeps
2477,jeff
2478,jeffrey
2479,jen
2480,jennifer
2481,jeremy
2482,jerk
2483,jerry
2484,jersey
2485,jesse
2486,jessica
2487,jessie
2488,jesus
2489,jim
2490,jimenez
2491,jimmy
2492,jj
2493,joanne
2494,job
2495,jobs
2496,joby
2497,joe
2498,joel
2499,joey
2500,john
2501,johnny
2502,johnson
2503,joke
2504,jokes
2505,jon
2506,jonathan
2507,jones
2508,jordan
2509,jorge
2510,jose
2511,joseph
2512,josh
2513,joshua
2514,journey
2515,joy
2516,joyce
2517,jp
2518,jr
2519,jt
2520,juan
2521,juanita
2522,juarez
2523,julian
2524,julie
2525,julio
2526,july
2527,jump
2528,jumped
2529,june
2530,junk
2531,just
2532,justin
2533,kalagian
2534,kaltman
2535,kang
2536,karim
2537,karina
2538,kash
2539,kay
2540,kbb
2541,kearny
2542,keep
2543,keeper
2544,keeping
2545,keeps
2546,keith
2547,kelley
2548,kelly
2549,kelsey
2550,ken
2551,kenia
2552,kenny
2553,kent
2554,kept
2555,kevin
2556,key
2557,keyes
2558,keys
2559,kia
2560,kick
2561,kicker
2562,kid
2563,kidding
2564,kids
2565,kifah
2566,kihs
2567,killer
2568,kim
2569,kind
2570,kinda
2571,kindest
2572,kindly
2573,kindness
2574,kinds
2575,king
2576,kit
2577,knew
2578,knock
2579,knocked
2580,know
2581,knowable
2582,knowing
2583,knowledgable
2584,knowledge
2585,knowledgeable
2586,knowlegable
2587,known
2588,knows
2589,kocher
2590,kona
2591,koontz
2592,kris
2593,kristen
2594,kristin
2595,kudos
2596,kuni
2597,kyle
2598,la
2599,labor
2600,lack
2601,lacking
2602,lacks
2603,ladies
2604,lady
2605,laguna
2606,laid
2607,lake
2608,lalo
2609,lamb
2610,lance
2611,land
2612,landed
2613,lane
2614,language
2615,lara
2616,laramie
2617,laredo
2618,large
2619,larger
2620,largest
2621,larry
2622,las
2623,last
2624,lasted
2625,lasting
2626,lastly
2627,late
2628,later
2629,latest
2630,latitude
2631,laugh
2632,laughed
2633,laughing
2634,laughs
2635,lauren
2636,lavel
2637,lavelle
2638,law
2639,lawrence
2640,lazy
2641,lb
2642,le
2643,lea
2644,lead
2645,leadership
2646,leading
2647,leads
2648,leah
2649,leak
2650,leaked
2651,leaking
2652,leaks
2653,learn
2654,learned
2655,learning
2656,lease
2657,leased
2658,leases
2659,leasing
2660,least
2661,leather
2662,leave
2663,leaves
2664,leaving
2665,led
2666,lee
2667,left
2668,leg
2669,legal
2670,legally
2671,lemon
2672,lender
2673,length
2674,lengths
2675,lengthy
2676,lenny
2677,leo
2678,leon
2679,leonard
2680,les
2681,less
2682,lesson
2683,lessons
2684,let
2685,lets
2686,letter
2687,letting
2688,level
2689,levels
2690,levenson
2691,lewis
2692,lexi
2693,lexus
2694,liar
2695,liars
2696,liberty
2697,license
2698,lie
2699,lied
2700,lies
2701,life
2702,lifestyle
2703,lifetime
2704,lift
2705,lifted
2706,liga
2707,light
2708,lights
2709,like
2710,liked
2711,likely
2712,likes
2713,liking
2714,limit
2715,limited
2716,limson
2717,lin
2718,lina
2719,lincoln
2720,lincolns
2721,linda
2722,line
2723,lined
2724,lines
2725,linh
2726,link
2727,lino
2728,lisa
2729,list
2730,listed
2731,listen
2732,listened
2733,listener
2734,listening
2735,listens
2736,listing
2737,literally
2738,little
2739,live
2740,lived
2741,lives
2742,living
2743,ll
2744,lloyd
2745,lo
2746,load
2747,loaded
2748,loan
2749,loaner
2750,loaners
2751,loans
2752,lobby
2753,local
2754,locally
2755,locate
2756,located
2757,locating
2758,location
2759,locations
2760,lock
2761,locked
2762,locks
2763,lojack
2764,lol
2765,loner
2766,long
2767,longer
2768,longo
2769,longridge
2770,longtime
2771,lonna
2772,look
2773,looked
2774,looking
2775,looks
2776,loop
2777,loose
2778,lopez
2779,lorenzo
2780,lori
2781,los
2782,lose
2783,losing
2784,loss
2785,lost
2786,lot
2787,lots
2788,lou
2789,loud
2790,louie
2791,louis
2792,lounge
2793,love
2794,loved
2795,lovely
2796,loves
2797,loving
2798,low
2799,lower
2800,lowered
2801,lowering
2802,lowest
2803,loyal
2804,loyalty
2805,ls
2806,lu
2807,lube
2808,luck
2809,luckily
2810,lucky
2811,luigi
2812,luis
2813,luke
2814,lunch
2815,lunney
2816,luo
2817,lupu
2818,lure
2819,luxurious
2820,luxury
2821,lx
2822,lyft
2823,lying
2824,machine
2825,machines
2826,mad
2827,made
2828,maggie
2829,magic
2830,magically
2831,mail
2832,mailed
2833,mails
2834,main
2835,mainly
2836,maintain
2837,maintained
2838,maintaining
2839,maintenance
2840,maita
2841,major
2842,majority
2843,make
2844,maker
2845,makes
2846,making
2847,maldonado
2848,male
2849,malibu
2850,mall
2851,man
2852,manage
2853,managed
2854,management
2855,manager
2856,managers
2857,managing
2858,mandatory
2859,manger
2860,manly
2861,manner
2862,mannered
2863,manners
2864,manny
2865,manor
2866,manual
2867,manuals
2868,manufacture
2869,manufacturer
2870,manufacturers
2871,many
2872,marc
2873,march
2874,marco
2875,marcos
2876,marcus
2877,maria
2878,maribel
2879,marin
2880,marina
2881,mario
2882,mark
2883,marked
2884,market
2885,marks
2886,marmolejo
2887,martha
2888,martin
2889,martinez
2890,marwan
2891,marx
2892,mary
2893,mason
2894,master
2895,mat
2896,mata
2897,match
2898,matched
2899,matching
2900,math
2901,mats
2902,matt
2903,matteo
2904,matter
2905,mattered
2906,matters
2907,matthew
2908,maureen
2909,max
2910,maximize
2911,maximum
2912,maximus
2913,may
2914,maybe
2915,mayra
2916,mazda
2917,mazdas
2918,mb
2919,mbz
2920,mcglinchey
2921,mcgregor
2922,mckenna
2923,mckinley
2924,me
2925,mean
2926,meaning
2927,means
2928,meant
2929,meantime
2930,meanwhile
2931,mechanic
2932,mechanical
2933,mechanics
2934,media
2935,medina
2936,meet
2937,meeting
2938,meets
2939,melissa
2940,member
2941,members
2942,membership
2943,memorable
2944,memorial
2945,men
2946,mendez
2947,mendoza
2948,mention
2949,mentioned
2950,mentioning
2951,mercedes
2952,mercury
2953,mesa
2954,mess
2955,message
2956,messages
2957,messed
2958,met
2959,metal
2960,mgr
2961,mi
2962,miata
2963,michael
2964,michaels
2965,micheal
2966,michelle
2967,mid
2968,middle
2969,might
2970,miguel
2971,mike
2972,mikes
2973,miki
2974,mile
2975,mileage
2976,miles
2977,military
2978,miller
2979,million
2980,milton
2981,min
2982,mina
2983,mind
2984,minded
2985,minds
2986,mine
2987,mini
2988,minimal
2989,minimum
2990,minivan
2991,minor
2992,mins
2993,minute
2994,minutes
2995,mirror
2996,mirrors
2997,mis
2998,miscommunication
2999,miserable
3000,mislead
3001,misleading
3002,miss
3003,missed
3004,missing
3005,mission
3006,mistake
3007,mistakes
3008,misunderstanding
3009,mitch
3010,mitchell
3011,mitsubishi
3012,mix
3013,mkc
3014,mkx
3015,mkz
3016,mo
3017,mobile
3018,model
3019,models
3020,modern
3021,modesto
3022,module
3023,moe
3024,molly
3025,mom
3026,moment
3027,moments
3028,monday
3029,money
3030,monica
3031,monitor
3032,monsod
3033,monte
3034,monterey
3035,month
3036,monthly
3037,months
3038,mood
3039,moon
3040,moore
3041,mopar
3042,morales
3043,more
3044,moreno
3045,moreover
3046,morgan
3047,morning
3048,morrison
3049,most
3050,mostly
3051,mother
3052,motivated
3053,motor
3054,motors
3055,mouth
3056,move
3057,moved
3058,moving
3059,mpg
3060,mph
3061,mr
3062,mrs
3063,ms
3064,msrp
3065,much
3066,muller
3067,multi
3068,multiple
3069,munoz
3070,murphy
3071,music
3072,must
3073,mustang
3074,muy
3075,myra
3076,myself
3077,nader
3078,nail
3079,naile
3080,nails
3081,nakhjavani
3082,name
3083,named
3084,names
3085,nancy
3086,narrow
3087,narrowed
3088,nasser
3089,natalie
3090,nate
3091,nathan
3092,nathon
3093,nation
3094,national
3095,naturally
3096,nature
3097,nav
3098,navarro
3099,navid
3100,navigate
3101,navigation
3102,navigator
3103,navy
3104,nazari
3105,nd
3106,neal
3107,near
3108,nearby
3109,nearest
3110,nearly
3111,neat
3112,necessarily
3113,necessary
3114,neck
3115,need
3116,needed
3117,needing
3118,needless
3119,needs
3120,negative
3121,neglected
3122,negotiable
3123,negotiate
3124,negotiated
3125,negotiating
3126,negotiation
3127,negotiations
3128,neighbor
3129,neighborhood
3130,neighbors
3131,neither
3132,nelson
3133,nerve
3134,nervous
3135,net
3136,never
3137,new
3138,newer
3139,newest
3140,newly
3141,newport
3142,news
3143,newspaper
3144,next
3145,ngawang
3146,nguyen
3147,nice
3148,nicely
3149,nicer
3150,nicest
3151,nicholas
3152,nick
3153,nicole
3154,night
3155,nightmare
3156,niguel
3157,nikki
3158,nine
3159,ninous
3160,nissan
3161,nitrogen
3162,nj
3163,no
3164,noah
3165,nobody
3166,noise
3167,noises
3168,non
3169,none
3170,nonetheless
3171,nonsense
3172,noon
3173,nope
3174,nor
3175,norm
3176,normal
3177,normally
3178,norris
3179,north
3180,northern
3181,nos
3182,not
3183,notch
3184,note
3185,noted
3186,notes
3187,nothing
3188,notice
3189,noticed
3190,noticing
3191,notification
3192,notified
3193,notify
3194,nouri
3195,nov
3196,november
3197,now
3198,nowhere
3199,number
3200,numbers
3201,numerous
3202,nunez
3203,nuts
3204,nuys
3205,nx
3206,ny
3207,oakland
3208,oaks
3209,obligated
3210,obtain
3211,obtained
3212,obtaining
3213,obvious
3214,obviously
3215,oc
3216,ocampo
3217,occasion
3218,occasional
3219,occasions
3220,occur
3221,occurred
3222,ocean
3223,ochoa
3224,october
3225,odd
3226,odyssey
3227,of
3228,off
3229,offended
3230,offer
3231,offered
3232,offering
3233,offerings
3234,offers
3235,office
3236,officer
3237,official
3238,often
3239,oh
3240,oil
3241,ok
3242,okay
3243,old
3244,older
3245,oleg
3246,olivares
3247,oliver
3248,omar
3249,omead
3250,omed
3251,omega
3252,on
3253,once
3254,one
3255,ones
3256,ongoing
3257,online
3258,only
3259,ons
3260,ontario
3261,onto
3262,open
3263,opened
3264,opener
3265,opening
3266,operate
3267,operated
3268,operates
3269,operating
3270,operation
3271,operator
3272,opinion
3273,opinions
3274,opportunity
3275,opposed
3276,opposite
3277,opted
3278,optima
3279,option
3280,optional
3281,options
3282,or
3283,orange
3284,ordeal
3285,order
3286,ordered
3287,ordering
3288,ordinola
3289,organization
3290,organized
3291,orientation
3292,oriented
3293,original
3294,originally
3295,ortega
3296,ortiz
3297,oscar
3298,oswald
3299,other
3300,others
3301,otherwise
3302,ott
3303,our
3304,ours
3305,ourselves
3306,out
3307,outback
3308,outcome
3309,outgoing
3310,outrageous
3311,outs
3312,outside
3313,outstanding
3314,over
3315,overall
3316,overbearing
3317,overland
3318,overlooked
3319,overly
3320,overnight
3321,overpriced
3322,oversell
3323,overview
3324,overwhelmed
3325,overwhelming
3326,owe
3327,owed
3328,own
3329,owned
3330,owner
3331,owners
3332,ownership
3333,owning
3334,owns
3335,oxnard
3336,oz
3337,pablo
3338,pace
3339,pacific
3340,pacifica
3341,pack
3342,package
3343,packages
3344,packed
3345,pad
3346,padilla
3347,pads
3348,page
3349,paid
3350,pain
3351,painful
3352,painless
3353,painlessly
3354,paint
3355,painted
3356,pair
3357,paired
3358,pairing
3359,pan
3360,panel
3361,panels
3362,paper
3363,papers
3364,paperwork
3365,par
3366,para
3367,parameters
3368,parents
3369,park
3370,parked
3371,parking
3372,parks
3373,part
3374,particular
3375,particularly
3376,parties
3377,partner
3378,parts
3379,party
3380,pasadena
3381,pass
3382,passaro
3383,passed
3384,passenger
3385,passing
3386,passion
3387,passionate
3388,past
3389,pastoral
3390,pastries
3391,pat
3392,patience
3393,patient
3394,patiently
3395,patients
3396,patrick
3397,patriot
3398,patty
3399,paul
3400,pay
3401,paying
3402,payment
3403,payments
3404,payne
3405,payoff
3406,pays
3407,peace
3408,pearl
3409,pedro
3410,penny
3411,penske
3412,people
3413,peoples
3414,pepper
3415,per
3416,percent
3417,perez
3418,perfect
3419,perfection
3420,perfectly
3421,perform
3422,performance
3423,performed
3424,performing
3425,performs
3426,perhaps
3427,period
3428,perk
3429,perkins
3430,perks
3431,permission
3432,persistent
3433,person
3434,persona
3435,personable
3436,personal
3437,personalities
3438,personality
3439,personalized
3440,personally
3441,personnel
3442,persons
3443,perspective
3444,pertinent
3445,pete
3446,peter
3447,peters
3448,phase
3449,phenomenal
3450,phil
3451,philip
3452,phillip
3453,phillips
3454,phone
3455,phoned
3456,phones
3457,photos
3458,physical
3459,physically
3460,piasecki
3461,pick
3462,picked
3463,picking
3464,pickup
3465,picky
3466,picture
3467,pictures
3468,piece
3469,pierce
3470,pilot
3471,ping
3472,pinter
3473,pinzon
3474,pissed
3475,pitch
3476,pitches
3477,place
3478,placed
3479,places
3480,plain
3481,plan
3482,planet
3483,planned
3484,planning
3485,plans
3486,plastic
3487,plate
3488,plates
3489,platinum
3490,play
3491,played
3492,player
3493,playing
3494,pleasant
3495,pleasantly
3496,please
3497,pleased
3498,pleasent
3499,pleasing
3500,pleasurable
3501,pleasure
3502,plenty
3503,pliss
3504,plug
3505,plugs
3506,plus
3507,pm
3508,pocket
3509,point
3510,pointed
3511,pointing
3512,points
3513,policy
3514,polite
3515,politely
3516,polk
3517,poor
3518,poorly
3519,pop
3520,popcorn
3521,popped
3522,por
3523,porsche
3524,port
3525,porter
3526,porters
3527,portion
3528,position
3529,positive
3530,possession
3531,possibilities
3532,possibility
3533,possible
3534,possibly
3535,post
3536,posted
3537,posting
3538,potential
3539,potentially
3540,powell
3541,power
3542,powers
3543,practical
3544,practically
3545,practice
3546,practices
3547,praise
3548,pre
3549,precious
3550,precise
3551,prefer
3552,preference
3553,preferences
3554,preferred
3555,pregnant
3556,premises
3557,premium
3558,preowned
3559,prep
3560,prepaid
3561,prepare
3562,prepared
3563,preparing
3564,prepped
3565,presence
3566,present
3567,presentation
3568,presented
3569,presenting
3570,president
3571,pressed
3572,pressure
3573,pressured
3574,pressures
3575,pressuring
3576,pretty
3577,previous
3578,previously
3579,price
3580,priced
3581,prices
3582,pricey
3583,pricing
3584,pride
3585,primarily
3586,primary
3587,prime
3588,prince
3589,print
3590,printed
3591,prints
3592,prior
3593,priority
3594,pristine
3595,prius
3596,private
3597,pro
3598,proactive
3599,probably
3600,problem
3601,problems
3602,procedure
3603,procedures
3604,proceed
3605,proceeded
3606,process
3607,processed
3608,processes
3609,processing
3610,product
3611,production
3612,productive
3613,products
3614,profesional
3615,profession
3616,professional
3617,professionalism
3618,professionally
3619,professionals
3620,proficient
3621,profit
3622,program
3623,programmed
3624,programming
3625,programs
3626,progress
3627,promise
3628,promised
3629,promises
3630,promising
3631,promotion
3632,prompt
3633,promptly
3634,proof
3635,proper
3636,properly
3637,property
3638,pros
3639,prospective
3640,protect
3641,protection
3642,proud
3643,prove
3644,proved
3645,proven
3646,provide
3647,provided
3648,provider
3649,providers
3650,provides
3651,providing
3652,ps
3653,public
3654,puhan
3655,pull
3656,pulled
3657,pulling
3658,pump
3659,punctual
3660,purchase
3661,purchased
3662,purchases
3663,purchasing
3664,pure
3665,purpose
3666,push
3667,pushed
3668,pushing
3669,pushy
3670,put
3671,puts
3672,putting
3673,qualified
3674,qualify
3675,qualities
3676,quality
3677,que
3678,question
3679,questioned
3680,questions
3681,quick
3682,quicker
3683,quickest
3684,quickly
3685,quiet
3686,quit
3687,quite
3688,quot
3689,quote
3690,quoted
3691,quotes
3692,qureshi
3693,rack
3694,radiator
3695,radio
3696,radius
3697,rafael
3698,raffi
3699,rain
3700,rainy
3701,raise
3702,raised
3703,ram
3704,rambow
3705,ramirez
3706,ramon
3707,ramos
3708,ramsey
3709,ran
3710,random
3711,randomly
3712,randy
3713,range
3714,rare
3715,rarely
3716,rate
3717,rated
3718,rates
3719,rather
3720,rating
3721,ratings
3722,rattle
3723,raul
3724,rav
3725,rave
3726,ray
3727,raymond
3728,rd
3729,re
3730,reach
3731,reached
3732,reaching
3733,read
3734,readily
3735,reading
3736,ready
3737,real
3738,realistic
3739,reality
3740,realize
3741,realized
3742,realizing
3743,really
3744,rear
3745,reason
3746,reasonable
3747,reasonably
3748,reasons
3749,reassured
3750,reassuring
3751,rebate
3752,rebates
3753,rebecca
3754,recall
3755,recalled
3756,recalls
3757,reccomend
3758,reccommend
3759,receipt
3760,receive
3761,received
3762,receiving
3763,recent
3764,recently
3765,reception
3766,receptionist
3767,receptive
3768,recieved
3769,recognition
3770,recognize
3771,recognized
3772,recomend
3773,recomended
3774,recomiendo
3775,recommend
3776,recommendation
3777,recommendations
3778,recommended
3779,recommending
3780,recommends
3781,record
3782,records
3783,rectify
3784,red
3785,reduce
3786,reduced
3787,reed
3788,refer
3789,reference
3790,referral
3791,referrals
3792,referred
3793,referring
3794,refinance
3795,reflect
3796,reflection
3797,refreshing
3798,refreshments
3799,refund
3800,refuse
3801,refused
3802,refuses
3803,regard
3804,regarding
3805,regardless
3806,regards
3807,region
3808,registered
3809,registration
3810,regret
3811,regrets
3812,regular
3813,regularly
3814,reid
3815,reiterated
3816,related
3817,relations
3818,relationship
3819,relationships
3820,relative
3821,relatively
3822,relatives
3823,relax
3824,relaxed
3825,relaxing
3826,release
3827,released
3828,relevant
3829,reliability
3830,reliable
3831,relief
3832,relieved
3833,reluctant
3834,rely
3835,remain
3836,remained
3837,remaining
3838,remains
3839,remarkable
3840,remarks
3841,remember
3842,remembered
3843,remembers
3844,remind
3845,reminded
3846,reminder
3847,reminders
3848,remorse
3849,remote
3850,remotely
3851,remove
3852,removed
3853,rendered
3854,rene
3855,renee
3856,renegade
3857,rent
3858,rental
3859,rented
3860,rep
3861,repair
3862,repaired
3863,repairing
3864,repairs
3865,repeat
3866,repeated
3867,repeatedly
3868,replace
3869,replaced
3870,replacement
3871,replacing
3872,replied
3873,reply
3874,report
3875,reported
3876,reports
3877,represent
3878,representative
3879,representatives
3880,represented
3881,representing
3882,represents
3883,reps
3884,reputable
3885,reputation
3886,request
3887,requested
3888,requesting
3889,requests
3890,require
3891,required
3892,requirement
3893,requirements
3894,requires
3895,requiring
3896,reschedule
3897,rescue
3898,research
3899,researched
3900,researching
3901,reservation
3902,reserved
3903,reset
3904,residence
3905,resolution
3906,resolve
3907,resolved
3908,resolving
3909,resourceful
3910,respect
3911,respected
3912,respectful
3913,respectfully
3914,respects
3915,respond
3916,responded
3917,responding
3918,responds
3919,response
3920,responses
3921,responsibility
3922,responsible
3923,responsive
3924,responsiveness
3925,rest
3926,restaurant
3927,restored
3928,restrooms
3929,result
3930,resulted
3931,resulting
3932,results
3933,retail
3934,retired
3935,retrieve
3936,return
3937,returned
3938,returning
3939,returns
3940,review
3941,reviewed
3942,reviewing
3943,reviews
3944,rewarding
3945,reyes
3946,ricardo
3947,riccardone
3948,rice
3949,rich
3950,richard
3951,richie
3952,rick
3953,ricky
3954,rid
3955,ride
3956,rides
3957,ridiculous
3958,ridiculously
3959,riding
3960,right
3961,rigo
3962,riley
3963,rim
3964,rims
3965,rip
3966,ripped
3967,ripping
3968,risk
3969,rivera
3970,riverside
3971,rixi
3972,ro
3973,road
3974,roads
3975,roadside
3976,rob
3977,robert
3978,roberto
3979,roberts
3980,robin
3981,robles
3982,rock
3983,rocks
3984,rocky
3985,rod
3986,rodriguez
3987,roger
3988,rogers
3989,rogue
3990,role
3991,roll
3992,rolled
3993,rolling
3994,roman
3995,romero
3996,ron
3997,ronald
3998,ronny
3999,roof
4000,room
4001,rosa
4002,roseville
4003,ross
4004,rotate
4005,rotated
4006,rotation
4007,rotors
4008,rough
4009,roughly
4010,round
4011,route
4012,routine
4013,row
4014,roxanne
4015,roy
4016,royalty
4017,rs
4018,rt
4019,rubber
4020,ruben
4021,rubicon
4022,rubio
4023,ruby
4024,rude
4025,rudely
4026,ruined
4027,ruiz
4028,run
4029,runaround
4030,runner
4031,running
4032,runs
4033,rush
4034,rushed
4035,rushing
4036,rusnak
4037,russell
4038,rx
4039,ryan
4040,sacramento
4041,sad
4042,sadeer
4043,sadly
4044,safe
4045,safely
4046,safer
4047,safety
4048,sahara
4049,said
4050,sal
4051,sale
4052,saleman
4053,sales
4054,salesman
4055,salesmanship
4056,salesmen
4057,salespeople
4058,salesperson
4059,salespersons
4060,saleswoman
4061,sam
4062,samaniego
4063,same
4064,samir
4065,samuel
4066,san
4067,sanchez
4068,sandwich
4069,sandwiches
4070,sandy
4071,sangjae
4072,santa
4073,sante
4074,sarah
4075,sasha
4076,sat
4077,satisfaction
4078,satisfactory
4079,satisfied
4080,satisfy
4081,satisfying
4082,saturday
4083,saturn
4084,save
4085,saved
4086,saves
4087,saving
4088,savings
4089,savvy
4090,saw
4091,say
4092,saying
4093,says
4094,sb
4095,sc
4096,scale
4097,scam
4098,scammed
4099,scams
4100,scared
4101,scary
4102,scat
4103,scatpack
4104,scenario
4105,scenarios
4106,schedule
4107,scheduled
4108,schedules
4109,scheduling
4110,school
4111,schrantz
4112,schuyler
4113,schwartz
4114,schweizer
4115,scion
4116,scope
4117,score
4118,scores
4119,scott
4120,scratch
4121,scratched
4122,scratches
4123,screen
4124,screw
4125,screwed
4126,screws
4127,se
4128,seal
4129,sealed
4130,seamless
4131,seamlessly
4132,sean
4133,search
4134,searched
4135,searching
4136,season
4137,seat
4138,seating
4139,seats
4140,sebring
4141,sebu
4142,second
4143,secondly
4144,seconds
4145,section
4146,secure
4147,secured
4148,security
4149,sedan
4150,see
4151,seeing
4152,seek
4153,seeking
4154,seem
4155,seemed
4156,seemingly
4157,seems
4158,seen
4159,sees
4160,select
4161,selected
4162,selecting
4163,selection
4164,selections
4165,self
4166,sell
4167,seller
4168,selling
4169,sells
4170,send
4171,sending
4172,senior
4173,sense
4174,sensitive
4175,sensor
4176,sensors
4177,sent
4178,sentra
4179,separate
4180,sept
4181,september
4182,sequoia
4183,sergio
4184,series
4185,serious
4186,seriously
4187,serrano
4188,servando
4189,serve
4190,served
4191,service
4192,serviced
4193,services
4194,servicing
4195,servicio
4196,serving
4197,set
4198,seta
4199,sets
4200,setting
4201,settings
4202,settle
4203,settled
4204,settling
4205,setup
4206,seven
4207,several
4208,sevice
4209,sf
4210,shady
4211,shake
4212,shaking
4213,shall
4214,shame
4215,shane
4216,shape
4217,share
4218,shared
4219,sharing
4220,sharks
4221,sharp
4222,shauna
4223,shaunna
4224,shaver
4225,shawn
4226,she
4227,sheet
4228,sherri
4229,shes
4230,shift
4231,shifting
4232,shimon
4233,shiny
4234,ship
4235,shipped
4236,shipping
4237,shock
4238,shocked
4239,shocks
4240,shoes
4241,shook
4242,shooter
4243,shop
4244,shopped
4245,shopping
4246,shops
4247,short
4248,shorter
4249,shortest
4250,shortly
4251,shot
4252,should
4253,shoulders
4254,shouldn
4255,shouldnt
4256,shout
4257,show
4258,showed
4259,showing
4260,shown
4261,showroom
4262,shows
4263,shut
4264,shuttle
4265,si
4266,sick
4267,side
4268,sides
4269,sienna
4270,sight
4271,sign
4272,signal
4273,signature
4274,signatures
4275,signed
4276,signer
4277,significant
4278,significantly
4279,signing
4280,signs
4281,silk
4282,silly
4283,silver
4284,silverado
4285,simcox
4286,simi
4287,similar
4288,simo
4289,simon
4290,simple
4291,simply
4292,since
4293,sincere
4294,sincerely
4295,sincerity
4296,singh
4297,single
4298,sir
4299,sister
4300,sit
4301,site
4302,sites
4303,sitting
4304,situation
4305,situations
4306,six
4307,size
4308,skeptical
4309,skill
4310,skilled
4311,skills
4312,skip
4313,sleazy
4314,sleep
4315,slight
4316,slightly
4317,slimy
4318,slip
4319,slot
4320,slow
4321,sm
4322,small
4323,smaller
4324,smart
4325,smell
4326,smile
4327,smiled
4328,smiles
4329,smiling
4330,smith
4331,smog
4332,smoke
4333,smoking
4334,smooth
4335,smoother
4336,smoothest
4337,smoothly
4338,snack
4339,snacks
4340,sneak
4341,sneed
4342,snow
4343,so
4344,socal
4345,social
4346,soft
4347,software
4348,sold
4349,solely
4350,solid
4351,solution
4352,solutions
4353,solve
4354,solved
4355,solving
4356,some
4357,somebody
4358,somehow
4359,someone
4360,someplace
4361,something
4362,sometime
4363,sometimes
4364,somewhat
4365,somewhere
4366,son
4367,sonata
4368,sonatas
4369,sonja
4370,sons
4371,soo
4372,soon
4373,sooner
4374,sooo
4375,soooo
4376,sorensen
4377,sorenson
4378,sorry
4379,sort
4380,sought
4381,soul
4382,sound
4383,sounded
4384,sounds
4385,source
4386,south
4387,southbay
4388,southern
4389,soza
4390,space
4391,spacious
4392,spanish
4393,spare
4394,spark
4395,sparkling
4396,sparks
4397,speak
4398,speaker
4399,speaking
4400,speaks
4401,spec
4402,special
4403,specialist
4404,specially
4405,specials
4406,specific
4407,specifically
4408,specifications
4409,specifics
4410,specified
4411,specs
4412,spectacular
4413,speed
4414,speedy
4415,spencer
4416,spend
4417,spending
4418,spent
4419,spin
4420,spirit
4421,spoke
4422,spoken
4423,sport
4424,sports
4425,sporty
4426,spot
4427,spotless
4428,spots
4429,spread
4430,spring
4431,squeaking
4432,squeeze
4433,squeezed
4434,squeo
4435,sr
4436,srt
4437,ss
4438,st
4439,stacey
4440,stacy
4441,staff
4442,staffs
4443,stage
4444,stand
4445,standard
4446,standards
4447,standing
4448,stands
4449,stanley
4450,star
4451,starbucks
4452,stars
4453,start
4454,started
4455,starter
4456,starting
4457,starts
4458,state
4459,stated
4460,statement
4461,staten
4462,states
4463,stating
4464,station
4465,stations
4466,status
4467,stay
4468,stayed
4469,staying
4470,stays
4471,stea
4472,steal
4473,steer
4474,steered
4475,steering
4476,stellar
4477,step
4478,stephanie
4479,stephen
4480,stepped
4481,stepping
4482,steps
4483,stereotype
4484,stereotypical
4485,steve
4486,steven
4487,stevens
4488,stewart
4489,stick
4490,sticker
4491,stickers
4492,sticking
4493,sticky
4494,still
4495,stock
4496,stocked
4497,stolen
4498,stone
4499,stood
4500,stop
4501,stopped
4502,stopping
4503,stops
4504,storage
4505,store
4506,stories
4507,story
4508,straight
4509,straightforward
4510,stranded
4511,strange
4512,straszewski
4513,streamlined
4514,street
4515,stress
4516,stressed
4517,stressful
4518,strive
4519,strong
4520,strongly
4521,struck
4522,stuck
4523,student
4524,stuff
4525,stupid
4526,style
4527,subaru
4528,subarus
4529,submit
4530,submitted
4531,submitting
4532,subsequent
4533,subsequently
4534,substantial
4535,succeeded
4536,success
4537,successful
4538,successfully
4539,such
4540,suck
4541,sucked
4542,sucks
4543,sudden
4544,suddenly
4545,suggest
4546,suggested
4547,suggesting
4548,suggestion
4549,suggestions
4550,suh
4551,suit
4552,suitable
4553,suited
4554,suits
4555,sullivan
4556,sum
4557,summary
4558,summer
4559,sun
4560,sunday
4561,sunroof
4562,super
4563,superb
4564,superior
4565,supervisor
4566,support
4567,supported
4568,supporting
4569,supportive
4570,suppose
4571,supposed
4572,supposedly
4573,sure
4574,surely
4575,surface
4576,surpassed
4577,surprise
4578,surprised
4579,surprises
4580,surprising
4581,surprisingly
4582,surrounding
4583,survey
4584,suspension
4585,suv
4586,suvs
4587,swap
4588,sweet
4589,sweetheart
4590,swift
4591,swiftly
4592,switch
4593,switched
4594,switching
4595,swoyer
4596,sxt
4597,syed
4598,sync
4599,synthetic
4600,system
4601,systems
4602,szeto
4603,tabesh
4604,table
4605,tacoma
4606,tactic
4607,tactics
4608,tag
4609,tags
4610,tahoe
4611,tail
4612,take
4613,taken
4614,takes
4615,taking
4616,talk
4617,talked
4618,talking
4619,talks
4620,tamas
4621,tamer
4622,tan
4623,tank
4624,target
4625,task
4626,taste
4627,taught
4628,taurus
4629,tax
4630,taxes
4631,taylor
4632,tc
4633,tdi
4634,te
4635,tea
4636,teach
4637,teaching
4638,team
4639,teams
4640,teamwork
4641,tear
4642,tech
4643,technical
4644,technician
4645,technicians
4646,techniques
4647,technology
4648,techs
4649,ted
4650,tedious
4651,telephone
4652,tell
4653,telling
4654,tells
4655,temecula
4656,temp
4657,temporary
4658,ten
4659,tend
4660,tentative
4661,term
4662,terms
4663,terrible
4664,terrific
4665,terry
4666,tessa
4667,test
4668,tested
4669,testing
4670,tests
4671,text
4672,texted
4673,texting
4674,texts
4675,th
4676,than
4677,thank
4678,thanked
4679,thankful
4680,thankfully
4681,thanks
4682,thanksgiving
4683,thankyou
4684,thanx
4685,that
4686,thats
4687,thee
4688,theft
4689,their
4690,theirs
4691,them
4692,themselves
4693,then
4694,there
4695,thereafter
4696,therefore
4697,theres
4698,thermostat
4699,these
4700,they
4701,theyd
4702,theyll
4703,theyre
4704,theyve
4705,thier
4706,thing
4707,things
4708,think
4709,thinking
4710,thinks
4711,third
4712,thirty
4713,this
4714,tho
4715,thomas
4716,thompson
4717,thorough
4718,thoroughly
4719,thoroughness
4720,those
4721,though
4722,thought
4723,thoughtful
4724,thoughts
4725,thousand
4726,thousands
4727,threatened
4728,threatening
4729,three
4730,threw
4731,thrilled
4732,through
4733,throughly
4734,throughout
4735,throw
4736,thru
4737,thumbs
4738,thursday
4739,thus
4740,thx
4741,ticket
4742,tiffanie
4743,tiffany
4744,tight
4745,til
4746,till
4747,tilson
4748,tim
4749,time
4750,timeframe
4751,timeline
4752,timeliness
4753,timely
4754,times
4755,timing
4756,tino
4757,tint
4758,tinted
4759,tinting
4760,tiny
4761,tip
4762,tips
4763,tire
4764,tired
4765,tirelessly
4766,tires
4767,titanium
4768,title
4769,tl
4770,toby
4771,today
4772,todays
4773,todd
4774,todo
4775,together
4776,told
4777,tom
4778,tommy
4779,tomorrow
4780,ton
4781,tone
4782,tons
4783,tony
4784,tonya
4785,too
4786,took
4787,tool
4788,tools
4789,tooth
4790,top
4791,topped
4792,tops
4793,torn
4794,torrance
4795,torres
4796,toshi
4797,total
4798,totaled
4799,totalled
4800,totally
4801,touch
4802,touched
4803,tough
4804,tour
4805,touring
4806,tow
4807,toward
4808,towards
4809,towed
4810,town
4811,toyota
4812,toyotas
4813,track
4814,tracking
4815,tracy
4816,trade
4817,traded
4818,trader
4819,trading
4820,traffic
4821,trailer
4822,trailhawk
4823,train
4824,trained
4825,training
4826,tran
4827,transaction
4828,transactions
4829,transfer
4830,transferred
4831,transit
4832,transition
4833,transmission
4834,transparency
4835,transparent
4836,transport
4837,transportation
4838,trash
4839,travel
4840,traveled
4841,traveling
4842,traverse
4843,travis
4844,trd
4845,tread
4846,treat
4847,treated
4848,treating
4849,treatment
4850,treats
4851,tremendous
4852,tremendously
4853,trent
4854,trick
4855,tricks
4856,tricky
4857,tried
4858,tries
4859,trigger
4860,trim
4861,trims
4862,trip
4863,trips
4864,trouble
4865,troubles
4866,truck
4867,trucks
4868,TRUE
4869,truecar
4870,truely
4871,truly
4872,trung
4873,trunk
4874,trust
4875,trusted
4876,trusting
4877,trustworthy
4878,truth
4879,truthful
4880,try
4881,trying
4882,tt
4883,tucson
4884,tuesday
4885,tundra
4886,tune
4887,turbo
4888,turn
4889,turnaround
4890,turned
4891,turning
4892,turns
4893,tuscon
4894,tustin
4895,tutorial
4896,tuttle
4897,tv
4898,tvs
4899,twenty
4900,twice
4901,two
4902,tyler
4903,type
4904,types
4905,typical
4906,typically
4907,tyson
4908,uber
4909,ugly
4910,uhley
4911,ultimate
4912,ultimately
4913,un
4914,una
4915,unable
4916,unacceptable
4917,unanswered
4918,unavailable
4919,unaware
4920,unbeatable
4921,unbelievable
4922,unbelievably
4923,uncle
4924,uncomfortable
4925,undecided
4926,under
4927,understand
4928,understandable
4929,understanding
4930,understands
4931,understatement
4932,understood
4933,unethical
4934,unexpected
4935,unexpectedly
4936,unfortunate
4937,unfortunately
4938,unfriendly
4939,unhappy
4940,unheard
4941,unhelpful
4942,union
4943,unique
4944,unit
4945,unless
4946,unlike
4947,unlimited
4948,unmatched
4949,unnecessary
4950,unparalleled
4951,unpleasant
4952,unprofessional
4953,unsafe
4954,unsatisfied
4955,unseen
4956,unsure
4957,until
4958,untrustworthy
4959,unusual
4960,unwanted
4961,unwilling
4962,up
4963,upbeat
4964,upcoming
4965,update
4966,updated
4967,updates
4968,updating
4969,upfront
4970,upgrade
4971,upgraded
4972,upgrades
4973,upgrading
4974,upmost
4975,upon
4976,upper
4977,ups
4978,upsell
4979,upselling
4980,upset
4981,upside
4982,ur
4983,urgency
4984,urgent
4985,uriel
4986,urquidez
4987,us
4988,usa
4989,usaa
4990,use
4991,used
4992,useful
4993,useless
4994,user
4995,uses
4996,using
4997,usual
4998,usually
4999,utmost
5000,vacation
5001,vacuum
5002,vacuumed
5003,vague
5004,val
5005,valencia
5006,valet
5007,valiquette
5008,valley
5009,valuable
5010,value
5011,valued
5012,values
5013,valve
5014,van
5015,vanessa
5016,vang
5017,vans
5018,vargas
5019,variety
5020,various
5021,vary
5022,vasquez
5023,vast
5024,vazquez
5025,ve
5026,vechicle
5027,vechile
5028,vega
5029,vegas
5030,vehicle
5031,vehicles
5032,veloster
5033,vending
5034,ventura
5035,venza
5036,ver
5037,verbal
5038,verbally
5039,verified
5040,verify
5041,versed
5042,version
5043,versus
5044,very
5045,veteran
5046,vey
5047,via
5048,vibe
5049,victim
5050,victor
5051,victoria
5052,vidal
5053,video
5054,videos
5055,view
5056,viewed
5057,viewing
5058,vin
5059,vince
5060,vincent
5061,vinny
5062,vip
5063,visible
5064,visit
5065,visited
5066,visiting
5067,visits
5068,vista
5069,visual
5070,voice
5071,voicemail
5072,voicemails
5073,volt
5074,volume
5075,volvo
5076,voucher
5077,vs
5078,vw
5079,wa
5080,wagner
5081,wait
5082,waited
5083,waiting
5084,waits
5085,walk
5086,walked
5087,walking
5088,walks
5089,wall
5090,wallet
5091,walter
5092,walters
5093,wanna
5094,want
5095,wanted
5096,wanting
5097,wants
5098,war
5099,wardak
5100,warm
5101,warmly
5102,warmth
5103,warn
5104,warned
5105,warning
5106,warrantee
5107,warranties
5108,warranty
5109,warren
5110,wash
5111,washed
5112,washer
5113,washes
5114,washing
5115,wasn
5116,wasnt
5117,waste
5118,wasted
5119,wasting
5120,watch
5121,watched
5122,watching
5123,water
5124,watters
5125,way
5126,wayne
5127,ways
5128,we
5129,wear
5130,wearing
5131,weather
5132,web
5133,webb
5134,weber
5135,website
5136,websites
5137,wed
5138,wednesday
5139,week
5140,weekend
5141,weeks
5142,weird
5143,welcome
5144,welcomed
5145,welcoming
5146,well
5147,wells
5148,went
5149,were
5150,weren
5151,werent
5152,west
5153,westbrook
5154,westlake
5155,westminster
5156,wet
5157,weve
5158,what
5159,whatever
5160,whats
5161,whatsoever
5162,wheel
5163,wheels
5164,when
5165,whenever
5166,where
5167,wherever
5168,whether
5169,which
5170,while
5171,whim
5172,whistles
5173,whit
5174,white
5175,whitehead
5176,who
5177,whoever
5178,whole
5179,wholeheartedly
5180,whom
5181,whos
5182,whose
5183,why
5184,wi
5185,wide
5186,wife
5187,wifes
5188,wifi
5189,wilchek
5190,will
5191,william
5192,williams
5193,willie
5194,willing
5195,willingness
5196,willy
5197,wilson
5198,win
5199,wind
5200,window
5201,windows
5202,windshield
5203,winner
5204,wiper
5205,wipers
5206,wire
5207,wise
5208,wish
5209,wished
5210,wishes
5211,wit
5212,witch
5213,within
5214,without
5215,witnessed
5216,woman
5217,women
5218,won
5219,wonder
5220,wonderful
5221,wonderfully
5222,wondering
5223,wong
5224,wont
5225,wood
5226,woodland
5227,word
5228,words
5229,work
5230,worked
5231,worker
5232,workers
5233,working
5234,workings
5235,workmanship
5236,works
5237,world
5238,worn
5239,worried
5240,worries
5241,worry
5242,worse
5243,worst
5244,worth
5245,worthwhile
5246,worthy
5247,would
5248,wouldn
5249,wouldnt
5250,wouldve
5251,wound
5252,wow
5253,wrangler
5254,wrap
5255,wrapped
5256,wright
5257,write
5258,writer
5259,writers
5260,writing
5261,written
5262,wrong
5263,wrote
5264,xb
5265,xle
5266,xxx
5267,xxxx
5268,xxxxxxxx
5269,ya
5270,yard
5271,yaris
5272,yeah
5273,year
5274,years
5275,yee
5276,yelling
5277,yelp
5278,yes
5279,yesterday
5280,yet
5281,yo
5282,you
5283,youd
5284,youll
5285,young
5286,younger
5287,your
5288,youre
5289,yours
5290,yourself
5291,youve
5292,yr
5293,yrs
5294,yu
5295,zach
5296,zack
5297,zaragoza
5298,zero
5299,zone
